Date,burger_sales,Instagram_Cost,Bing_Cost,Facebook_Cost,Google_Cost,Pinterest_Cost,Tiktok Cost
2020-01-01,950,0.0,0.0,1041.1,4447.4,0.0,0.0
2020-01-02,1340,582.5,0.0,2597.0,6561.1,0.0,0.0
2020-01-03,1370,551.5,0.0,2580.0,6500.299999999999,0.0,0.0
2020-01-04,1160,0.0,0.0,2245.5,6499.6,0.0,0.0
2020-01-05,1070,540.0,0.0,1751.1,6499.099999999999,0.0,0.0
2020-01-06,1290,838.5,0.0,2621.3,10915.1,0.0,0.0
2020-01-07,1750,653.3,0.0,2434.9,10774.7,0.0,0.0
2020-01-08,1480,577.4,0.0,3341.8,12755.9,0.0,0.0
2020-01-09,1680,642.0,0.0,2020.2,23385.100000000002,0.0,0.0
2020-01-10,1800,869.8,0.0,2280.3999999999996,17953.5,0.0,0.0
2020-01-11,1360,581.5,0.0,1411.1,20323.9,0.0,0.0
2020-01-12,1490,626.9,0.0,1592.2,22346.100000000002,0.0,0.0
2020-01-13,1730,526.8,0.0,2322.4,19912.00904,0.0,0.0
2020-01-14,1960,595.3,0.0,3076.2585,19597.95697,0.0,0.0
2020-01-15,1690,585.7,0.0,2993.6712700000003,19410.80666,0.0,0.0
2020-01-16,1640,655.7,0.0,3899.50992,15491.85395,0.0,0.0
2020-01-17,1680,614.3,0.0,2993.5241,15147.13337,0.0,0.0
2020-01-18,1510,656.8,0.0,1769.67207,15213.88783,0.0,0.0
2020-01-19,1370,518.1,0.0,2385.68829,14529.27408,0.0,0.0
2020-01-20,1290,561.2,0.0,2449.8559999999998,8492.241699999999,0.0,0.0
2020-01-21,1730,709.8,0.0,3261.0445299999997,15543.45727,0.0,0.0
2020-01-22,1550,818.7,0.0,3379.29324,14570.213199999998,0.0,0.0
2020-01-23,1970,523.4,0.0,2514.22663,12681.594939999999,0.0,0.0
2020-01-24,1970,678.2,0.0,2336.99222,13474.874319999999,0.0,0.0
2020-01-25,1940,542.7,0.0,2031.3387599999999,11454.19298,0.0,0.0
2020-01-26,2050,565.4,0.0,2604.39962,12728.05531,0.0,0.0
2020-01-27,2040,596.2,0.0,2435.1618099999996,15065.66721,0.0,0.0
2020-01-28,1920,931.5,0.0,2384.77013,12827.653460000001,0.0,0.0
2020-01-29,1780,795.0,0.0,3176.0497400000004,12669.155490000001,0.0,0.0
2020-01-30,1860,626.8,0.0,3272.4444399999998,13226.050720000001,0.0,0.0
2020-01-31,1750,556.7,0.0,2119.6902099999998,13812.328109999999,0.0,0.0
2020-02-01,1380,557.5,0.0,1822.9653099999998,12165.880239999999,0.0,0.0
2020-02-02,1480,0.0,0.0,1559.25899,11835.601340000001,0.0,0.0
2020-02-03,1720,636.1,0.0,2912.38388,17220.29032,0.0,0.0
2020-02-04,1990,730.2,0.0,2782.56359,17042.99822,0.0,0.0
2020-02-05,2020,914.3,0.0,2156.565,13595.56697,0.0,0.0
2020-02-06,1700,635.7,0.0,4019.28986,14505.947479999999,0.0,0.0
2020-02-07,1860,607.5,0.0,3838.41645,14139.44941,0.0,0.0
2020-02-08,1680,629.2,0.0,2573.85522,15959.74722,0.0,0.0
2020-02-09,1770,578.3,3339.4,2197.43482,12854.299259999998,0.0,0.0
2020-02-10,2160,667.1,4887.6,3240.8448099999996,21099.06931,0.0,0.0
2020-02-11,2380,692.6,4812.0,2794.1,18273.250210000002,0.0,0.0
2020-02-12,2210,699.8,4858.4,2505.7,18363.08308,0.0,0.0
2020-02-13,2040,717.4,4343.0,1814.7,16260.696850000002,0.0,0.0
2020-02-14,1900,635.5,3638.4000000000005,1846.1000000000001,14929.37259,0.0,0.0
2020-02-15,1630,615.9,3862.7999999999997,1071.1,17251.5158,0.0,0.0
2020-02-16,1670,618.1,4013.2999999999997,1777.5,17637.26128,0.0,0.0
2020-02-17,1850,606.9,3415.2999999999997,2377.2,17847.36739,0.0,0.0
2020-02-18,2070,633.0,2324.6,2578.0,19261.26536,0.0,0.0
2020-02-19,2180,597.4,2388.5,2542.6,18377.32475,0.0,0.0
2020-02-20,2090,802.2,2521.2,2664.6,17338.41504,0.0,0.0
2020-02-21,2050,686.9,2466.3999999999996,1821.8000000000002,15229.16759,0.0,0.0
2020-02-22,1680,656.8,2637.1,1774.8,14862.09055,0.0,0.0
2020-02-23,1830,634.6,2074.7000000000003,2292.1000000000004,13711.99913,0.0,0.0
2020-02-24,2000,835.8,1457.3,3416.3999999999996,15968.466229999998,0.0,0.0
2020-02-25,2200,647.5,1852.8,2838.6000000000004,16225.110779999999,0.0,0.0
2020-02-26,2040,981.7,1757.5,2189.9,14727.475450000002,0.0,0.0
2020-02-27,2130,928.3,1980.3999999999999,2084.5,14201.32331,0.0,0.0
2020-02-28,1930,653.0,1781.0,1563.1,14324.50204,0.0,0.0
2020-02-29,1780,608.8,1455.0,1373.1,12293.9834,0.0,0.0
2020-03-01,1330,561.1,709.1,1634.1,11801.36976,0.0,0.0
2020-03-02,2310,675.8,1650.4,2147.5,14586.704,0.0,0.0
2020-03-03,2890,641.2,1689.7,2188.8,14749.785119999999,0.0,0.0
2020-03-04,2820,0.0,1620.0,0.0,13804.91033,0.0,0.0
2020-03-05,2520,0.0,1425.0,0.0,13248.61893,0.0,0.0
2020-03-06,2620,0.0,1926.6,0.0,12195.36707,0.0,0.0
2020-03-07,2210,0.0,1282.6999999999998,0.0,11166.40613,0.0,0.0
2020-03-08,1800,0.0,1463.5,0.0,11319.521380000002,0.0,0.0
2020-03-09,2580,0.0,1802.8,0.0,17573.34767,0.0,0.0
2020-03-10,3140,0.0,1711.4,0.0,18926.688179999997,0.0,0.0
2020-03-11,2580,663.7,1671.8000000000002,1567.6000000000001,15657.68018,0.0,0.0
2020-03-12,2500,881.9,1627.5,2212.7,17815.03286,0.0,0.0
2020-03-13,2400,869.7,1772.6,1952.1000000000001,13086.070039999999,0.0,0.0
2020-03-14,1600,619.5,1419.4,1380.6999999999998,16189.637750000002,0.0,0.0
2020-03-15,1700,634.7,1167.2,1156.6,15965.81008,0.0,0.0
2020-03-16,2020,604.0,1955.9,2101.2,19123.45389,0.0,0.0
2020-03-17,1920,654.5,1242.2,1999.7,20556.40275,0.0,0.0
2020-03-18,2020,837.2,1800.1,2207.6,20761.96799,0.0,0.0
2020-03-19,1940,842.7,1752.3,2037.8,18879.33248,0.0,0.0
2020-03-20,1810,636.6,1974.9,1564.1,18571.88462,0.0,0.0
2020-03-21,1540,595.7,1577.3999999999999,1335.3,17311.890010000003,0.0,0.0
2020-03-22,1640,642.5,1553.6999999999998,1813.8999999999999,19752.23515,0.0,0.0
2020-03-23,1950,641.2,2230.2,2487.7,23032.01665,0.0,0.0
2020-03-24,2050,588.6,2241.4,1954.8,23398.03359,0.0,0.0
2020-03-25,2050,575.8,1606.1000000000001,2104.8,16137.51871,0.0,0.0
2020-03-26,1660,0.0,0.0,1683.0,7479.221589999999,0.0,0.0
2020-03-27,1570,0.0,0.0,1885.9,9442.50546,0.0,0.0
2020-03-28,1180,0.0,0.0,1919.1999999999998,5631.78088,0.0,0.0
2020-03-29,1280,0.0,0.0,1424.1,4606.83519,0.0,0.0
2020-03-30,1430,0.0,0.0,955.6,4668.82616,0.0,0.0
2020-03-31,1620,0.0,0.0,660.0,2987.55387,0.0,0.0
2020-04-01,1440,0.0,0.0,685.0,3159.6655400000004,0.0,0.0
2020-04-02,1580,0.0,0.0,682.9,2921.12929,0.0,0.0
2020-04-03,1710,0.0,0.0,665.8,3297.10261,0.0,0.0
2020-04-04,1610,0.0,0.0,689.0,2853.89493,0.0,0.0
2020-04-05,1090,0.0,0.0,689.5,2683.35712,0.0,0.0
2020-04-06,1740,0.0,0.0,680.6,3241.7438899999997,0.0,0.0
2020-04-07,1830,0.0,0.0,672.7,3299.28044,0.0,0.0
2020-04-08,1550,0.0,0.0,680.2,2947.46843,0.0,0.0
2020-04-09,1720,0.0,0.0,675.5,3104.89323,0.0,0.0
2020-04-10,1620,0.0,0.0,693.2,3060.6005,0.0,0.0
2020-04-11,1470,0.0,0.0,679.5,2546.39729,0.0,0.0
2020-04-12,1140,0.0,0.0,660.4,2458.53354,0.0,0.0
2020-04-13,1790,0.0,0.0,673.8,4023.9592,0.0,0.0
2020-04-14,1710,0.0,0.0,657.8,3128.3549399999997,0.0,0.0
2020-04-15,1830,0.0,0.0,677.4,3016.2637,0.0,0.0
2020-04-16,1810,0.0,0.0,663.8,2749.59424,0.0,0.0
2020-04-17,1740,0.0,0.0,660.5,3289.0734700000003,0.0,0.0
2020-04-18,1590,0.0,0.0,672.6,2587.32336,0.0,0.0
2020-04-19,1320,0.0,0.0,656.5,2617.20438,0.0,0.0
2020-04-20,1780,0.0,0.0,672.2,3745.91134,0.0,0.0
2020-04-21,1720,0.0,0.0,646.2,3238.87471,0.0,0.0
2020-04-22,1820,0.0,0.0,642.3,3039.31028,0.0,0.0
2020-04-23,1770,0.0,0.0,648.4,3081.2793199999996,0.0,0.0
2020-04-24,1840,0.0,0.0,655.0,2746.93814,0.0,0.0
2020-04-25,1490,0.0,0.0,655.1,2776.34525,0.0,0.0
2020-04-26,1310,0.0,0.0,638.8,2885.38081,0.0,0.0
2020-04-27,1790,0.0,0.0,648.5,3342.82344,0.0,0.0
2020-04-28,1750,0.0,0.0,620.1,2782.64647,0.0,0.0
2020-04-29,1960,0.0,0.0,655.5,3145.22872,0.0,0.0
2020-04-30,1940,0.0,0.0,565.2,2770.28393,0.0,0.0
2020-05-01,1740,0.0,0.0,659.3,3057.7815100000003,0.0,0.0
2020-05-02,1550,0.0,0.0,687.9,2569.16658,0.0,0.0
2020-05-03,1440,0.0,0.0,657.6,2936.0127599999996,0.0,0.0
2020-05-04,1990,0.0,0.0,694.9,3573.8310899999997,0.0,0.0
2020-05-05,2030,0.0,0.0,684.3,3189.0061399999995,0.0,0.0
2020-05-06,2190,0.0,0.0,659.9,2925.5940800000003,0.0,0.0
2020-05-07,2020,0.0,0.0,720.6,2858.1825799999997,0.0,0.0
2020-05-08,2050,0.0,0.0,676.3,2723.63427,0.0,0.0
2020-05-09,1520,0.0,0.0,673.3,2725.40659,0.0,0.0
2020-05-10,1500,0.0,0.0,648.4,2693.19422,0.0,0.0
2020-05-11,1970,0.0,0.0,677.1,4010.60997,0.0,0.0
2020-05-12,1990,0.0,0.0,671.8,3182.51156,0.0,0.0
2020-05-13,1880,0.0,0.0,678.8,2915.07071,0.0,0.0
2020-05-14,2090,0.0,0.0,666.3,2777.19828,0.0,0.0
2020-05-15,2130,0.0,0.0,645.6,2584.08299,0.0,0.0
2020-05-16,1570,0.0,0.0,642.7,2846.0436299999997,0.0,0.0
2020-05-17,1400,0.0,0.0,654.6,2999.84421,0.0,0.0
2020-05-18,2050,0.0,0.0,647.9,3423.3970900000004,0.0,0.0
2020-05-19,2040,0.0,0.0,659.7,3174.9039599999996,0.0,0.0
2020-05-20,1770,0.0,0.0,658.5,2808.2418700000003,0.0,0.0
2020-05-21,1970,0.0,0.0,647.6,3048.08075,0.0,0.0
2020-05-22,2070,0.0,0.0,637.3,2828.5471000000002,0.0,0.0
2020-05-23,1590,0.0,0.0,659.0,2719.17141,0.0,0.0
2020-05-24,1280,0.0,0.0,633.3,2062.4906499999997,0.0,0.0
2020-05-25,1610,0.0,0.0,646.1,3361.0554099999995,0.0,0.0
2020-05-26,1720,0.0,0.0,643.8,3581.53889,0.0,0.0
2020-05-27,2180,0.0,0.0,658.0,3307.6931900000004,0.0,0.0
2020-05-28,1910,0.0,0.0,636.2,2804.41798,0.0,0.0
2020-05-29,1980,0.0,0.0,633.7,2928.01748,0.0,0.0
2020-05-30,1410,0.0,0.0,603.1,2265.53712,0.0,0.0
2020-05-31,1220,0.0,0.0,600.4,2107.2756200000003,0.0,0.0
2020-06-01,1720,0.0,0.0,668.1,3527.88356,0.0,0.0
2020-06-02,1970,0.0,0.0,686.9,3408.6637399999995,0.0,0.0
2020-06-03,1920,0.0,0.0,690.8,3400.92558,0.0,0.0
2020-06-04,1700,0.0,0.0,688.0,2948.4998,0.0,0.0
2020-06-05,1750,0.0,0.0,670.7,3113.97073,0.0,0.0
2020-06-06,1250,0.0,0.0,684.0,2527.6947600000003,0.0,0.0
2020-06-07,1350,0.0,0.0,663.5,2812.8552299999997,0.0,0.0
2020-06-08,1580,0.0,0.0,663.7,3360.54643,0.0,0.0
2020-06-09,2220,0.0,0.0,679.4,3262.4243699999997,0.0,0.0
2020-06-10,1890,0.0,0.0,688.1,3089.12568,0.0,0.0
2020-06-11,2160,0.0,0.0,671.5,3057.4517400000004,0.0,0.0
2020-06-12,2190,0.0,0.0,656.5,3016.1045099999997,0.0,0.0
2020-06-13,1810,0.0,0.0,683.5,2202.33901,0.0,0.0
2020-06-14,1770,0.0,0.0,668.6,2476.85762,0.0,0.0
2020-06-15,2810,0.0,0.0,683.0,2966.20772,0.0,0.0
2020-06-16,2700,0.0,0.0,657.2,3023.70928,0.0,0.0
2020-06-17,2810,0.0,0.0,665.9,3147.7134,0.0,0.0
2020-06-18,3090,0.0,0.0,669.2,3070.96963,0.0,0.0
2020-06-19,2580,0.0,0.0,644.1,2719.10656,0.0,0.0
2020-06-20,2770,0.0,0.0,658.2,2833.71029,0.0,0.0
2020-06-21,1820,0.0,0.0,669.9,2421.36666,0.0,0.0
2020-06-22,2930,0.0,0.0,662.5,4088.9344400000004,0.0,0.0
2020-06-23,3160,0.0,0.0,668.6,3528.6573700000004,0.0,0.0
2020-06-24,3380,0.0,0.0,645.2,3278.40193,0.0,0.0
2020-06-25,3110,0.0,0.0,632.1,3171.84684,0.0,0.0
2020-06-26,2950,0.0,0.0,633.6,3241.2537799999996,0.0,0.0
2020-06-27,2390,0.0,0.0,683.1,1991.1800399999997,0.0,0.0
2020-06-28,2310,0.0,0.0,621.0,2230.8078100000002,0.0,0.0
2020-06-29,3080,0.0,0.0,619.3,3106.9308899999996,0.0,0.0
2020-06-30,3650,0.0,0.0,587.8,3208.3348,0.0,0.0
2020-07-01,3500,0.0,0.0,669.5,2909.58406,0.0,0.0
2020-07-02,3010,0.0,0.0,657.0,3057.74927,0.0,0.0
2020-07-03,2690,0.0,0.0,658.1,2473.05786,0.0,0.0
2020-07-04,1930,0.0,0.0,684.4,2222.08415,0.0,0.0
2020-07-05,1770,0.0,0.0,655.8,3061.9978600000004,0.0,0.0
2020-07-06,2950,0.0,0.0,677.2,4284.47773,0.0,0.0
2020-07-07,3040,0.0,0.0,677.4,4775.28325,0.0,0.0
2020-07-08,3110,0.0,0.0,676.5,3251.7471800000003,0.0,0.0
2020-07-09,3110,0.0,0.0,675.6,4067.45837,0.0,0.0
2020-07-10,2860,0.0,0.0,652.0,2905.3845499999998,0.0,0.0
2020-07-11,2380,0.0,0.0,654.7,1384.36734,0.0,0.0
2020-07-12,1950,0.0,0.0,652.4,1585.1291999999999,0.0,0.0
2020-07-13,2810,0.0,0.0,670.5,2523.64919,0.0,0.0
2020-07-14,3020,0.0,0.0,620.9,2419.73736,0.0,0.0
2020-07-15,2440,0.0,0.0,627.3,2818.3374,0.0,0.0
2020-07-16,2820,0.0,0.0,605.5,2598.41496,0.0,0.0
2020-07-17,2500,0.0,0.0,600.1,2551.6664299999998,0.0,0.0
2020-07-18,1950,0.0,0.0,610.4,2414.9477699999998,0.0,0.0
2020-07-19,1690,0.0,0.0,599.3,2679.2882600000003,0.0,0.0
2020-07-20,2630,0.0,0.0,614.3,3337.0433300000004,0.0,0.0
2020-07-21,2720,0.0,0.0,600.8,3906.9057,0.0,0.0
2020-07-22,2970,0.0,0.0,615.3,4306.3998,0.0,0.0
2020-07-23,2900,0.0,0.0,599.1,4765.95116,0.0,0.0
2020-07-24,2440,0.0,0.0,604.1,3182.56088,0.0,0.0
2020-07-25,2000,0.0,0.0,598.8,2613.71511,0.0,0.0
2020-07-26,1790,0.0,0.0,588.7,2942.44991,0.0,0.0
2020-07-27,2560,0.0,0.0,610.2,3418.01303,0.0,0.0
2020-07-28,2680,0.0,0.0,591.6,3378.53107,0.0,0.0
2020-07-29,2600,0.0,0.0,591.0,3043.36321,0.0,0.0
2020-07-30,2710,0.0,0.0,572.9,2494.2677099999996,0.0,0.0
2020-07-31,2460,0.0,0.0,570.6,2228.62779,0.0,0.0
2020-08-01,2230,0.0,0.0,610.0,2350.61304,0.0,0.0
2020-08-02,1860,0.0,0.0,614.3,2249.54472,0.0,0.0
2020-08-03,2460,0.0,0.0,654.4,3228.70449,0.0,0.0
2020-08-04,2820,0.0,0.0,611.3,4373.49139,0.0,0.0
2020-08-05,2750,0.0,0.0,610.9,3758.376039999999,0.0,0.0
2020-08-06,2880,0.0,0.0,596.2,3506.6133,0.0,0.0
2020-08-07,2520,0.0,0.0,612.0,3607.67878,0.0,0.0
2020-08-08,2120,0.0,0.0,596.2,2718.86827,0.0,0.0
2020-08-09,2000,0.0,0.0,600.3,2611.03861,0.0,0.0
2020-08-10,2460,0.0,0.0,637.8,4784.398220000001,0.0,0.0
2020-08-11,2590,0.0,0.0,612.4,5202.73851,0.0,0.0
2020-08-12,3030,0.0,0.0,596.9,4109.50716,0.0,0.0
2020-08-13,2740,0.0,0.0,597.4,4132.36954,0.0,0.0
2020-08-14,2410,0.0,0.0,590.6,4269.42962,0.0,0.0
2020-08-15,2100,0.0,0.0,596.2,4244.07513,0.0,0.0
2020-08-16,1880,0.0,0.0,587.9,2584.51337,0.0,0.0
2020-08-17,2160,0.0,0.0,593.4,6817.70692,0.0,0.0
2020-08-18,2420,0.0,0.0,607.5,5774.05661,0.0,0.0
2020-08-19,2540,0.0,0.0,604.4,5164.19882,0.0,0.0
2020-08-20,2460,0.0,0.0,594.9,4300.41135,0.0,0.0
2020-08-21,2250,0.0,0.0,583.3,4695.27258,0.0,0.0
2020-08-22,2120,0.0,0.0,599.5,6118.11243,0.0,0.0
2020-08-23,1840,0.0,0.0,597.4,7281.9446100000005,0.0,0.0
2020-08-24,2540,0.0,0.0,608.8,10822.276769999999,0.0,0.0
2020-08-25,2830,0.0,0.0,585.8,8533.10103,0.0,0.0
2020-08-26,2630,0.0,0.0,588.3,9142.8808,0.0,0.0
2020-08-27,2380,0.0,0.0,573.0,6740.20079,0.0,0.0
2020-08-28,2300,0.0,0.0,573.8,6790.91953,0.0,0.0
2020-08-29,2180,0.0,0.0,581.8,5736.56358,0.0,0.0
2020-08-30,1530,0.0,0.0,563.1,5600.15426,0.0,0.0
2020-08-31,2290,0.0,0.0,560.2,5220.35134,0.0,0.0
2020-09-01,2320,0.0,0.0,624.1,5814.648000000001,0.0,0.0
2020-09-02,2040,0.0,0.0,602.9,5210.38165,0.0,0.0
2020-09-03,2290,0.0,0.0,608.2,4605.20997,0.0,0.0
2020-09-04,2060,0.0,0.0,613.4,5266.93061,0.0,0.0
2020-09-05,1780,0.0,0.0,619.4,4446.237510000001,0.0,0.0
2020-09-06,1620,0.0,0.0,601.1,3999.50872,0.0,0.0
2020-09-07,1570,0.0,0.0,601.7,4224.04137,0.0,0.0
2020-09-08,2410,0.0,0.0,603.5,7251.13737,0.0,0.0
2020-09-09,2190,0.0,0.0,619.3,6483.40064,0.0,0.0
2020-09-10,2090,0.0,0.0,616.1,5826.67923,0.0,0.0
2020-09-11,1990,0.0,0.0,613.9,6643.767310000001,0.0,0.0
2020-09-12,1610,0.0,0.0,606.2,4639.58825,0.0,0.0
2020-09-13,1720,0.0,0.0,606.8,4067.35083,0.0,0.0
2020-09-14,2270,0.0,0.0,613.9,6713.52241,0.0,0.0
2020-09-15,2380,0.0,0.0,609.7,6407.0988,0.0,0.0
2020-09-16,2340,0.0,0.0,613.0,5780.87136,0.0,0.0
2020-09-17,2210,0.0,0.0,593.0,5160.435930000001,0.0,0.0
2020-09-18,2080,0.0,0.0,644.8,4242.52729,0.0,0.0
2020-09-19,1570,0.0,0.0,589.1,2816.53348,0.0,0.0
2020-09-20,1460,0.0,0.0,593.8,3152.19088,0.0,0.0
2020-09-21,2120,605.2,1733.1,589.5,5276.8187,0.0,0.0
2020-09-22,2330,594.4,1859.7,1030.4,6606.493850000001,0.0,0.0
2020-09-23,2430,655.4,2228.3,1122.9,6001.2981899999995,0.0,0.0
2020-09-24,2350,560.9,2238.1,1209.1,7928.40549,0.0,0.0
2020-09-25,2370,513.4,2265.2,1531.3,9192.99519,0.0,0.0
2020-09-26,1820,507.2,2222.2,1451.3,7276.029560000001,0.0,0.0
2020-09-27,1570,546.4,2404.7,1532.2,6018.82103,0.0,0.0
2020-09-28,2120,642.3,2647.2999999999997,1516.3,8283.14021,0.0,0.0
2020-09-29,2400,676.2,2692.1,1537.1,8815.76723,0.0,0.0
2020-09-30,2270,694.3,2506.2,1442.6,8603.95208,0.0,0.0
2020-10-01,2710,603.9,2332.7,1522.3000000000002,9611.94827,0.0,0.0
2020-10-02,2030,599.7,1425.6999999999998,635.3,5997.78671,0.0,0.0
2020-10-03,1650,585.0,1431.3,633.7,4764.78138,0.0,0.0
2020-10-04,1400,578.6,1422.4,630.3,4016.5654700000005,0.0,0.0
2020-10-05,2140,601.1,1453.7,657.3,6971.04203,0.0,0.0
2020-10-06,2270,604.4,1459.0,803.3,7682.1919,0.0,0.0
2020-10-07,2180,603.7,1445.4,892.3,7716.3624500000005,0.0,0.0
2020-10-08,2110,602.0,1458.8,799.3,7976.50984,0.0,0.0
2020-10-09,1900,618.0,1440.3,809.2,5155.34234,0.0,0.0
2020-10-10,1640,600.4,1452.5,799.0,3622.2854,0.0,0.0
2020-10-11,1630,603.8,1399.5,808.3,2704.21342,0.0,0.0
2020-10-12,1750,600.4,1445.6,809.6,3454.83185,0.0,0.0
2020-10-13,2100,601.3,1495.5,807.9,5117.16703,0.0,0.0
2020-10-14,1900,605.4,1549.8999999999999,801.5,4821.7147,0.0,0.0
2020-10-15,2080,594.5,1467.9,805.9,6025.91536,0.0,0.0
2020-10-16,1730,602.8,1424.8000000000002,800.7,4877.923409999999,0.0,0.0
2020-10-17,1540,601.8,1303.7,825.2,3759.07306,0.0,0.0
2020-10-18,1300,603.8,1438.6,798.5,3763.17041,0.0,0.0
2020-10-19,2110,600.3,1265.6999999999998,1131.5,8146.33624,0.0,0.0
2020-10-20,1960,599.3,1483.7,1139.1,10615.168699999998,0.0,0.0
2020-10-21,1980,600.5,1433.1999999999998,1124.3,11433.27549,0.0,0.0
2020-10-22,2240,602.0,1496.6,1178.1999999999998,9901.837880000001,0.0,0.0
2020-10-23,1900,600.4,1491.6,1093.5,7361.3326099999995,0.0,0.0
2020-10-24,1870,597.9,1500.9,1118.8000000000002,8005.9573,0.0,0.0
2020-10-25,1670,623.5,1489.9,1077.1,6648.4888200000005,0.0,0.0
2020-10-26,1980,601.0,1402.4,1070.3,10582.15862,0.0,0.0
2020-10-27,2200,593.8,1495.0,665.0,13531.873029999999,0.0,0.0
2020-10-28,2300,624.2,1615.3,668.1,10142.388009999999,0.0,0.0
2020-10-29,2340,589.9,1498.8,660.3,11246.740689999999,0.0,0.0
2020-10-30,2000,585.2,1499.1,632.1,8894.38086,0.0,0.0
2020-10-31,1780,573.3,1112.2,624.6,5619.047500000001,0.0,0.0
2020-11-01,1770,598.8,1388.6,681.2,6618.329599999999,0.0,0.0
2020-11-02,2070,602.7,1428.6,1015.6,10141.41533,0.0,0.0
2020-11-03,2320,602.1,1433.3,1008.9,7759.62657,0.0,0.0
2020-11-04,1750,603.3,1421.5,1013.4000000000001,6458.313139999999,0.0,0.0
2020-11-05,2270,572.6,1364.6,1033.4,8486.59588,0.0,0.0
2020-11-06,1620,596.2,1437.1,997.4000000000001,6298.439170000001,0.0,0.0
2020-11-07,1450,602.0,1424.3000000000002,999.6,4357.798409999999,0.0,0.0
2020-11-08,1500,603.3,1367.8,995.2,5478.01847,0.0,0.0
2020-11-09,1840,603.7,1480.6999999999998,1011.3,8174.09204,0.0,0.0
2020-11-10,2240,605.0,1421.7,988.2,6891.72113,0.0,0.0
2020-11-11,1780,598.4,1412.4,672.8,3836.05799,0.0,0.0
2020-11-12,1740,603.7,1458.3,634.4,3668.5962999999997,0.0,0.0
2020-11-13,1790,604.6,1266.0,810.2,5548.5109999999995,0.0,0.0
2020-11-14,1610,601.9,1115.5,813.0999999999999,5360.768120000001,0.0,0.0
2020-11-15,1590,601.3,1316.4,817.8,5361.0614,0.0,0.0
2020-11-16,2030,601.9,1434.7,810.9,6768.11983,0.0,0.0
2020-11-17,2280,603.1,1254.5,816.6,7202.7388900000005,0.0,0.0
2020-11-18,3160,603.1,1430.4,826.5,5329.03903,0.0,0.0
2020-11-19,2710,600.4,1101.1999999999998,817.0,5435.883089999999,0.0,0.0
2020-11-20,2260,584.3,1360.0,822.1,2420.13076,0.0,0.0
2020-11-21,1670,577.9,1238.4,697.0,2061.21734,0.0,0.0
2020-11-22,1590,589.0,1091.9,706.4,2346.7375,0.0,0.0
2020-11-23,1780,605.8,1375.1,918.8,2532.98498,0.0,0.0
2020-11-24,1720,603.3,1434.4,909.5,2842.68472,0.0,0.0
2020-11-25,2110,608.0,1015.8,735.2,2629.81886,0.0,0.0
2020-11-26,3220,603.8,967.1,785.7,2306.54652,0.0,0.0
2020-11-27,3970,600.9,1030.4,951.8,2656.3417999999997,0.0,0.0
2020-11-28,2600,574.2,727.7,654.8,2501.4029100000002,0.0,0.0
2020-11-29,2200,545.1,1177.6,927.3,3624.1720800000003,0.0,0.0
2020-11-30,2950,621.4,1710.4,759.3,4005.0448499999998,0.0,0.0
2020-12-01,2900,601.5,1724.8999999999999,927.8,8613.877620000001,0.0,0.0
2020-12-02,2870,602.9,1692.5,868.8,10405.92946,0.0,0.0
2020-12-03,2290,597.6,1733.1999999999998,690.2,9130.82094,0.0,0.0
2020-12-04,2260,599.3,1752.0,743.1,10584.10548,0.0,0.0
2020-12-05,1940,525.0,1650.8,634.4,6410.815240000001,0.0,0.0
2020-12-06,1600,602.0,1494.9,681.9,6507.4484600000005,0.0,0.0
2020-12-07,2200,640.6,1730.2,728.5,11919.94936,0.0,0.0
2020-12-08,2320,606.8,1735.0,691.2,12382.29448,0.0,0.0
2020-12-09,3250,604.6,1737.0,712.0,13127.03168,0.0,0.0
2020-12-10,2580,520.9,1723.4,1050.5,13858.35443,0.0,0.0
2020-12-11,2340,611.7,1484.3000000000002,882.2,9249.41829,0.0,0.0
2020-12-12,2220,600.1,1500.8,920.8,8221.35764,0.0,0.0
2020-12-13,1670,604.8,1354.0,671.0,7643.843070000001,0.0,0.0
2020-12-14,2350,608.9,1476.0,836.1,12429.68336,0.0,0.0
2020-12-15,2470,607.9,1696.5,941.5,14049.800930000001,0.0,0.0
2020-12-16,2340,606.4,1674.7,770.0,13106.29985,0.0,0.0
2020-12-17,2780,605.8,3047.0,963.9,13621.47921,0.0,0.0
2020-12-18,2560,605.3,2786.8,970.2,14039.7702,0.0,0.0
2020-12-19,1900,608.0,2101.6,617.8,8198.718939999999,0.0,0.0
2020-12-20,2100,607.9,1997.2,579.6,7351.988600000001,0.0,0.0
2020-12-21,2540,583.2,3712.9,736.3,7890.957170000001,0.0,0.0
2020-12-22,2730,625.6,8157.9,636.5,3787.4231299999997,0.0,0.0
2020-12-23,2590,607.4,7624.400000000001,573.0,3972.08244,0.0,0.0
2020-12-24,2000,545.7,6134.9,603.0,3199.84904,0.0,0.0
2020-12-25,1760,713.0,4056.9,565.6,3684.81512,0.0,0.0
2020-12-26,1920,653.4,6399.400000000001,628.4,3072.01176,0.0,0.0
2020-12-27,1850,646.6,10438.4,610.8,3495.18079,0.0,0.0
2020-12-28,2220,760.4,6800.900000000001,624.2,3786.1519599999997,0.0,0.0
2020-12-29,2610,765.8,4343.8,599.4,4358.40612,0.0,0.0
2020-12-30,2230,759.0,3619.7000000000003,0.0,2277.7987000000003,0.0,0.0
2020-12-31,2120,793.6,5492.900000000001,500.2,1729.24565,0.0,0.0
2021-01-01,2010,681.9,2550.7,500.5,9720.33091,0.0,0.0
2021-01-02,2230,605.0,2631.6,820.3,10216.759810000001,0.0,0.0
2021-01-03,2220,604.8,2581.9,663.0,9885.77826,0.0,0.0
2021-01-04,2870,605.0,2562.2,879.7,10056.754050000001,0.0,0.0
2021-01-05,2990,601.8,2585.5,858.2,10301.25093,0.0,0.0
2021-01-06,2750,604.4,2678.3,783.8,12459.16457,0.0,0.0
2021-01-07,6020,632.9,2900.3,1163.8,34439.543490000004,0.0,0.0
2021-01-08,7790,740.8,4114.700000000001,858.7,50903.342840000005,0.0,0.0
2021-01-09,5460,740.6,3446.6000000000004,884.6,50088.137480000005,0.0,0.0
2021-01-10,5180,738.1,3870.7,897.5,46129.49268,0.0,0.0
2021-01-11,6490,1022.1,10999.6,907.1,53740.93674,0.0,0.0
2021-01-12,6710,1071.6,11542.2,930.4,51532.025649999996,0.0,0.0
2021-01-13,5940,1065.7,8443.9,964.4,51121.08217,0.0,0.0
2021-01-14,6780,1012.3,10328.6,944.8,50872.91728,0.0,0.0
2021-01-15,6730,970.4,11095.9,998.9,50273.99184,0.0,0.0
2021-01-16,6360,1034.9,11550.599999999999,1080.7,46688.627720000004,0.0,0.0
2021-01-17,5470,941.1,9738.9,810.4,44803.70043999999,0.0,0.0
2021-01-18,6920,1013.8000000000001,10382.1,1010.0,56861.75671,0.0,0.0
2021-01-19,9240,1045.8,11001.5,1003.4000000000001,73911.13219,0.0,0.0
2021-01-20,9190,1083.5,11389.9,936.0,65776.46734,0.0,0.0
2021-01-21,9100,1090.3,10954.400000000001,865.2,50345.60279999999,0.0,0.0
2021-01-22,8310,1026.1,4689.8,825.6,36285.34388,0.0,0.0
2021-01-23,6050,842.0,4781.0,862.4000000000001,31611.8417,0.0,0.0
2021-01-24,5520,819.3,3883.1,786.6,28508.51779,0.0,0.0
2021-01-25,7850,1102.9,4668.6,1074.5,46545.23235,0.0,0.0
2021-01-26,9020,977.8,3898.8999999999996,1348.7,39122.41197,0.0,0.0
2021-01-27,9160,988.8,4012.6,941.8,48125.43957,0.0,0.0
2021-01-28,14880,905.8,4893.7,1088.6,71440.72710999999,0.0,0.0
2021-01-29,14700,1071.4,6243.6,891.8,65646.74769999999,0.0,0.0
2021-01-30,8290,903.9,10033.8,1111.1999999999998,44431.31077,0.0,0.0
2021-01-31,7440,810.5999999999999,13500.5,941.5999999999999,50677.68368999999,0.0,0.0
2021-02-01,9650,926.8,4733.3,1006.8,43971.35247,0.0,0.0
2021-02-02,9610,933.2,4941.5,844.7,50713.44798,0.0,0.0
2021-02-03,10730,914.5,2330.6,1081.7,40046.37562,0.0,0.0
2021-02-04,9540,1126.5,3405.6,1041.1999999999998,53594.39727,0.0,0.0
2021-02-05,8660,1036.1999999999998,4887.4,1070.1,58212.816329999994,0.0,0.0
2021-02-06,6460,905.7,5013.5,949.7,33392.56403,0.0,0.0
2021-02-07,5380,898.2,4366.4,666.0,32214.043789999996,0.0,0.0
2021-02-08,8340,1238.6,5800.4,4510.1,89016.05692999999,0.0,0.0
2021-02-09,9770,1273.1999999999998,5879.0,4500.0,89974.73786,0.0,0.0
2021-02-10,9750,1232.2,5591.6,4500.0,84410.00029,0.0,0.0
2021-02-11,9210,1248.6,5576.2,4500.2,84516.17611,0.0,0.0
2021-02-12,7910,1023.6999999999999,5422.2,4510.9,79676.15359999999,0.0,0.0
2021-02-13,6470,1110.2,4006.5000000000005,4128.8,55112.7864,0.0,0.0
2021-02-14,5740,852.2,3613.2000000000007,3471.7000000000003,51979.63294,0.0,0.0
2021-02-15,6900,990.3,6515.500000000001,3668.3999999999996,100405.30654,0.0,0.0
2021-02-16,9530,1239.4,6963.8,2854.3,101820.57434,0.0,0.0
2021-02-17,9430,1248.1999999999998,5841.2,2831.6,68031.51616,0.0,0.0
2021-02-18,8760,1209.5,4170.0,2807.2,66260.54321,0.0,0.0
2021-02-19,9760,1110.8,5215.200000000001,2707.2999999999997,70919.13461000001,0.0,0.0
2021-02-20,9730,1002.5,4458.0,2702.2,65368.38605,0.0,0.0
2021-02-21,7870,935.2,4223.400000000001,2693.4,61664.03589000001,0.0,0.0
2021-02-22,11570,1361.5,8409.3,2744.6,99987.24404,0.0,0.0
2021-02-23,11340,1397.8,8036.0,2609.1,91536.90891,0.0,0.0
2021-02-24,11780,1443.4,6615.799999999999,2583.4,91346.6,0.0,0.0
2021-02-25,13990,1439.5,5245.5,2576.5,92502.12314999998,0.0,0.0
2021-02-26,12420,1240.0,5149.3,2508.8999999999996,98372.30487,0.0,0.0
2021-02-27,9940,1093.3,4713.4,2397.7,87480.76374,0.0,0.0
2021-02-28,8370,1085.0,5083.2,2354.7,75626.30758,0.0,0.0
2021-03-01,12250,1248.6,8222.1,2540.8,84229.42489000001,0.0,0.0
2021-03-02,12110,1238.5,6543.9,2547.8,81368.10939,0.0,0.0
2021-03-03,12520,1232.8,4062.4,2505.5,85304.86831,0.0,0.0
2021-03-04,11270,1223.4,4971.9,2495.3999999999996,77043.81614000001,0.0,0.0
2021-03-05,10290,1203.5,4305.6,2454.6000000000004,65481.377940000006,0.0,0.0
2021-03-06,7480,1017.0,4304.200000000001,2460.7,46560.768079999994,0.0,0.0
2021-03-07,6530,1207.5,3912.3,2470.9,48827.90659,0.0,0.0
2021-03-08,10110,1223.9,5644.2,2560.5,82630.65189000001,0.0,0.0
2021-03-09,11410,1232.3000000000002,6770.9,2531.3999999999996,88298.06813999999,0.0,0.0
2021-03-10,10450,1246.9,4970.400000000001,2485.3999999999996,83803.0784,0.0,0.0
2021-03-11,9920,1238.7,5014.599999999999,2480.3,81186.62045999999,0.0,0.0
2021-03-12,9030,1239.5,4666.3,2438.4,75777.3677,0.0,0.0
2021-03-13,7650,1052.1,4434.5,2443.6000000000004,58347.64151,0.0,0.0
2021-03-14,6070,955.6,3331.5,2455.2,51393.87457,0.0,0.0
2021-03-15,8880,1255.8,4839.9,2522.0,80595.21251,0.0,0.0
2021-03-16,10370,1253.1,4461.700000000001,2480.9,72116.39796999999,0.0,0.0
2021-03-17,10250,1248.7,4922.099999999999,2476.0,72872.34624,0.0,0.0
2021-03-18,9360,1217.5,6209.400000000001,2471.8,72903.34204,0.0,0.0
2021-03-19,8520,1145.1999999999998,6686.2,2133.8,50579.21957,0.0,0.0
2021-03-20,5850,1201.7,5520.9,701.5,32409.702419999998,0.0,0.0
2021-03-21,5260,1252.3000000000002,7192.200000000001,902.2,31214.864520000003,0.0,0.0
2021-03-22,8060,1221.2,8661.7,1535.9,53111.38333,0.0,0.0
2021-03-23,9500,1247.3000000000002,9294.3,3742.7,95052.93706,0.0,0.0
2021-03-24,10380,1283.4,7532.1,4500.0,99055.70943,0.0,0.0
2021-03-25,10420,1244.3000000000002,7776.900000000001,3543.8,102212.73576,0.0,0.0
2021-03-26,9480,1247.0,5717.1,2784.4,103193.94780999998,0.0,0.0
2021-03-27,6530,1090.6,4294.5,2692.7000000000003,61230.627089999994,0.0,0.0
2021-03-28,5710,1025.9,4550.9,2622.0,53364.01234999999,0.0,0.0
2021-03-29,9200,1241.2,7746.4,2486.8,92098.49518,0.0,0.0
2021-03-30,9450,1255.3,7924.6,2232.7,93897.39358999999,0.0,0.0
2021-03-31,9510,1355.6,7066.3,1605.8,99685.72747,0.0,0.0
2021-04-01,9680,1231.2,5622.0,2565.8,98840.7145,0.0,0.0
2021-04-02,9010,1241.0,5826.3,2592.6,83248.06341999999,0.0,0.0
2021-04-03,7130,937.8,3850.7999999999997,2542.4,65935.59435,0.0,0.0
2021-04-04,5890,887.5,4153.8,2508.1,55652.71624,0.0,0.0
2021-04-05,8430,1222.5,4899.3,2592.5,95414.73184000001,0.0,0.0
2021-04-06,11190,1248.7,4379.0,2580.6,105382.44134,0.0,0.0
2021-04-07,11050,1266.6,4862.4,2576.9,68714.15514,0.0,0.0
2021-04-08,11300,1263.9,7758.7,2538.8,67167.52447,0.0,0.0
2021-04-09,10640,1261.8000000000002,7093.9,2527.8999999999996,71926.60753000001,0.0,0.0
2021-04-10,8710,1241.2,5658.9,2523.7,67076.51298,0.0,0.0
2021-04-11,8030,1245.0,4122.1,2520.9,65997.85799,0.0,0.0
2021-04-12,11260,1286.2,8000.2,2596.7,74658.114,0.0,0.0
2021-04-13,10980,1277.1,7244.6,2578.4,73614.28645,0.0,0.0
2021-04-14,11390,1223.7,7502.5,2552.4,75475.84033,0.0,0.0
2021-04-15,10670,1218.7,7652.4,2536.3,71928.26136,0.0,0.0
2021-04-16,11310,1286.2,6306.2,2498.0,76162.39434,0.0,0.0
2021-04-17,8940,1016.0,5354.0,2503.4,71766.57967,0.0,0.0
2021-04-18,7230,1072.2,4622.0,2511.8,59350.03377,0.0,0.0
2021-04-19,11810,1226.3,6631.799999999999,2605.5,103328.99601,0.0,0.0
2021-04-20,11980,1200.9,6860.4,2562.2999999999997,95657.48752,0.0,0.0
2021-04-21,11870,1234.5,6633.8,2557.8,95051.59842000001,0.0,0.0
2021-04-22,11870,1197.2,6043.7,2502.2,93277.98840999999,0.0,0.0
2021-04-23,11240,1029.0,5990.1,2500.2,93637.88412,0.0,0.0
2021-04-24,8820,1031.3000000000002,5351.1,2468.0,78694.76101999999,0.0,0.0
2021-04-25,8490,1030.4,3960.8999999999996,2470.6,80257.84997000001,0.0,0.0
2021-04-26,12260,1189.3000000000002,6526.7,2505.1,100658.72505,0.0,0.0
2021-04-27,12190,1270.8,7845.4,2491.0,93004.69239999999,0.0,0.0
2021-04-28,11800,1235.5,7743.3,2510.9,88366.61,0.0,0.0
2021-04-29,11690,1160.0,7956.4,2412.4,86515.64414,0.0,0.0
2021-04-30,10900,1291.6,7757.6,2424.5,82454.26034000001,0.0,0.0
2021-05-01,8360,1060.9,7638.200000000001,2463.7,71418.88997,0.0,0.0
2021-05-02,7530,946.5,6872.3,2515.7,71589.04655,0.0,0.0
2021-05-03,12200,1240.1999999999998,7774.099999999999,2563.6000000000004,170145.90383,0.0,0.0
2021-05-04,13130,1244.6,7741.1,2538.3,189174.96565000003,0.0,0.0
2021-05-05,11200,1248.7,7705.4,2539.3,138609.44381000003,0.0,0.0
2021-05-06,9960,1109.0,7891.2,2504.2,127686.20517,0.0,0.0
2021-05-07,8960,1126.1,6130.5,2456.1000000000004,83580.41162,0.0,0.0
2021-05-08,6850,972.2,5931.2,2448.0,56518.756890000004,0.0,0.0
2021-05-09,5140,722.5,2288.8999999999996,2483.1,46936.69976999999,0.0,0.0
2021-05-10,8120,1249.7,2519.0,2562.6,86739.35856,0.0,0.0
2021-05-11,9080,1271.9,2766.8,2527.0,104062.72231000001,0.0,0.0
2021-05-12,8410,1263.7,2553.3,2531.0,89496.40359999999,0.0,0.0
2021-05-13,7950,1096.5,2531.2,2492.5,72112.76697,0.0,0.0
2021-05-14,8010,1263.7,2980.4,2428.2,80043.99596999999,0.0,0.0
2021-05-15,6270,984.6,3801.8,2434.0,65851.48649000001,0.0,0.0
2021-05-16,5910,977.8,3958.0,2436.0,71155.93075,0.0,0.0
2021-05-17,9060,1242.3000000000002,6313.3,2522.8999999999996,102718.91652,0.0,0.0
2021-05-18,9370,1287.6,6539.5,2508.5,108721.54849999999,0.0,0.0
2021-05-19,9470,1339.6,6318.3,2864.9,105900.31818999999,0.0,0.0
2021-05-20,9180,1580.9,5049.700000000001,2856.7,98752.30813,0.0,0.0
2021-05-21,7870,1268.3,5103.7,2740.6,81449.68159,0.0,0.0
2021-05-22,5920,1122.6,4565.799999999999,2741.3999999999996,60524.598990000006,0.0,0.0
2021-05-23,5310,834.9000000000001,3549.4,2756.2,60547.69214,0.0,0.0
2021-05-24,8230,1670.1000000000001,5181.3,2848.0,92855.32426999998,0.0,0.0
2021-05-25,8540,1569.0,5934.099999999999,2853.7,76142.37088,0.0,0.0
2021-05-26,8040,1560.6999999999998,5598.1,2799.0,64912.77395999999,0.0,0.0
2021-05-27,8110,1328.3,4299.700000000001,2766.1000000000004,69540.10673999999,0.0,0.0
2021-05-28,8380,1273.1999999999998,6315.700000000001,2710.9,62974.90001,0.0,0.0
2021-05-29,5550,1040.3,3069.1000000000004,2611.1000000000004,51613.06084,0.0,0.0
2021-05-30,5870,950.6,2319.6000000000004,2607.1,46335.92275,0.0,0.0
2021-05-31,5910,1128.6999999999998,2213.2,2594.3,54460.38592000001,0.0,0.0
2021-06-01,8380,1674.7,4336.1,2865.3,77323.07896,0.0,0.0
2021-06-02,8380,1337.2,4061.3,4267.200000000001,82595.99855,0.0,0.0
2021-06-03,8760,1417.1,6418.099999999999,10587.1,82483.05072999999,0.0,0.0
2021-06-04,8020,1190.5,9825.3,8034.700000000001,92295.86026999999,0.0,0.0
2021-06-05,6990,908.5,7872.4,6323.099999999999,64651.832070000004,0.0,0.0
2021-06-06,6030,877.2,7885.400000000001,5311.2,63302.68265999999,0.0,0.0
2021-06-07,8150,1625.5,8664.0,9700.3,104338.39852999999,0.0,0.0
2021-06-08,9020,1339.1,10467.099999999999,10572.4,96891.85567,0.0,0.0
2021-06-09,9810,1475.6999999999998,9763.699999999999,13374.5,105023.54779,0.0,0.0
2021-06-10,8740,1410.1,9277.7,16817.9,89189.51881000001,0.0,0.0
2021-06-11,7420,1239.8000000000002,8277.9,11352.3,114647.05019,0.0,0.0
2021-06-12,5690,1009.7,6014.099999999999,8265.7,87486.95311999999,0.0,0.0
2021-06-13,5960,865.4,6034.300000000001,8488.6,86949.05064,0.0,0.0
2021-06-14,8750,1333.6,7631.799999999999,11823.699999999999,115018.40809000001,0.0,0.0
2021-06-15,8380,1491.8000000000002,6599.0,15784.300000000001,92619.58501000001,0.0,0.0
2021-06-16,8730,1492.9,7162.9,16459.9,92938.52068,0.0,0.0
2021-06-17,8560,1565.3,6527.7,16479.5,91446.20426,0.0,0.0
2021-06-18,7880,1544.3000000000002,7592.0,16638.9,81851.07673,0.0,0.0
2021-06-19,5770,914.8,4660.0,10509.8,66379.53685,0.0,0.0
2021-06-20,4870,938.0,3856.7999999999993,10593.099999999999,63089.76793,0.0,0.0
2021-06-21,7170,1484.8000000000002,7390.500000000001,18370.1,82190.87779,0.0,0.0
2021-06-22,8320,1403.9,8264.3,16442.2,98471.71648,0.0,0.0
2021-06-23,8110,1596.8000000000002,8804.8,15801.6,116361.07694,0.0,0.0
2021-06-24,7770,1743.1999999999998,9166.8,15053.900000000001,120258.15859,0.0,0.0
2021-06-25,7680,1141.8000000000002,8729.400000000001,17676.1,109021.44826,0.0,0.0
2021-06-26,5690,1070.1,4759.8,11206.6,91859.34853,0.0,0.0
2021-06-27,5110,1065.5,5284.3,9414.8,73153.68763,0.0,0.0
2021-06-28,7400,1780.1,6561.800000000001,18090.5,120724.76769,0.0,0.0
2021-06-29,7770,1500.0,6137.7,16373.0,123396.38907,0.0,0.0
2021-06-30,8740,1464.7,7157.7,15844.2,141695.23695,0.0,0.0
2021-07-01,7460,1140.5,8226.3,15451.900000000001,127059.78214,0.0,0.0
2021-07-02,7140,1271.4,7333.099999999999,11431.7,121865.99184999999,0.0,0.0
2021-07-03,5680,967.7,4637.900000000001,7915.1,80185.62547,0.0,0.0
2021-07-04,4450,831.8,3290.2,5522.099999999999,58243.84682,0.0,0.0
2021-07-05,5750,1259.8000000000002,5691.4,10039.400000000001,97259.05454,0.0,0.0
2021-07-06,7720,1582.1,7103.9,15756.5,121630.76417999998,0.0,0.0
2021-07-07,8360,1561.2,5955.900000000001,14754.7,134398.18883,0.0,0.0
2021-07-08,8980,1692.3,5936.799999999999,16069.9,166204.92991,0.0,0.0
2021-07-09,9150,1450.6,6817.9,12191.800000000001,167844.61045,0.0,0.0
2021-07-10,6640,933.0,3896.8,9039.0,127143.35424000002,0.0,0.0
2021-07-11,6020,938.7,4274.3,7438.9,107697.12031000001,0.0,0.0
2021-07-12,7990,1209.4,10030.9,13622.8,162846.51955000003,0.0,0.0
2021-07-13,8570,1260.6,11222.6,14906.7,196142.57278000002,0.0,0.0
2021-07-14,8960,1461.8000000000002,8157.5,16343.0,194570.64508,0.0,0.0
2021-07-15,8660,1197.9,7867.7,13930.1,190937.87967,0.0,0.0
2021-07-16,7430,1016.5999999999999,8955.1,12218.599999999999,168493.95505,0.0,0.0
2021-07-17,6680,1018.3,5002.7,8342.4,119622.66171000001,0.0,0.0
2021-07-18,4910,955.7,4392.6,7609.700000000001,87264.17428,0.0,0.0
2021-07-19,7140,1448.0,9722.9,13809.6,151431.25944,0.0,0.0
2021-07-20,8170,1602.5,8937.1,13105.699999999999,161591.68598,0.0,0.0
2021-07-21,8750,1390.9,10350.599999999999,12565.3,170796.34603,0.0,0.0
2021-07-22,8190,1451.3,8774.0,32919.8,145903.45283999998,0.0,0.0
2021-07-23,7070,1799.1,9524.199999999999,22305.100000000002,108701.05956,0.0,0.0
2021-07-24,5590,1538.0,5437.200000000001,21800.4,94118.62810999999,0.0,0.0
2021-07-25,4940,1128.4,5559.4,21499.5,90697.43678,0.0,0.0
2021-07-26,8480,1991.2,12628.699999999999,48435.200000000004,155858.79561,0.0,0.0
2021-07-27,7510,2007.8,16962.6,46835.5,136571.24310999998,0.0,0.0
2021-07-28,9670,1282.4,13325.0,37945.100000000006,199348.86472999997,0.0,0.0
2021-07-29,10480,1584.5,12839.1,25212.5,223281.06946,0.0,0.0
2021-07-30,8590,1491.9,12505.900000000001,14858.900000000001,223621.1145,0.0,0.0
2021-07-31,7240,1345.8,10346.900000000001,14284.0,166012.10404,0.0,0.0
2021-08-01,6690,1292.6,9808.800000000001,13816.7,159071.91405,0.0,0.0
2021-08-02,8560,1919.1,11654.8,23258.2,214876.38911,0.0,0.0
2021-08-03,9660,1675.1000000000001,10815.2,22567.5,208923.93037,0.0,0.0
2021-08-04,9210,1835.0,10844.3,15484.2,197337.55142000003,0.0,0.0
2021-08-05,12120,1964.1999999999998,11755.0,18589.4,203553.41915,0.0,0.0
2021-08-06,10050,1943.8999999999999,12998.300000000001,17084.7,188105.53626000002,0.0,0.0
2021-08-07,7140,1168.6,9400.2,11724.7,119457.99668,0.0,0.0
2021-08-08,6020,1441.6,7804.9,11095.5,117121.11600000001,0.0,0.0
2021-08-09,8080,1875.1,11897.6,18232.1,169827.23839999997,0.0,0.0
2021-08-10,8780,2251.3,15806.900000000001,14901.300000000001,151387.82513,0.0,0.0
2021-08-11,9930,1973.8,18716.9,16604.6,133460.47016,0.0,0.0
2021-08-12,8930,1666.5,13378.699999999999,15726.7,122322.07517000001,0.0,0.0
2021-08-27,11400,1827.0,6719.9,15272.7,131554.2972,0.0,0.0
2021-08-28,9240,1612.3999999999999,5129.099999999999,11017.3,122627.71173,0.0,0.0
2021-08-29,7530,973.1,5366.5,11056.800000000001,123158.78098,0.0,0.0
2021-08-30,10140,1987.2,9694.0,20264.7,154900.12665,0.0,0.0
2021-08-31,11570,1914.6000000000001,11474.300000000001,17693.0,213696.03785,0.0,0.0
2021-09-01,10220,2241.9,8131.0999999999985,20360.0,202941.14524,0.0,0.0
2021-09-02,9650,1790.0,7790.1,15249.8,195922.45782999997,0.0,0.0
2021-09-03,9530,1601.1,6068.6,13306.5,186253.54957,0.0,0.0
2021-09-04,7340,1500.1,5117.200000000001,8715.7,147405.41038,0.0,0.0
2021-09-05,7070,1497.8,4617.8,6814.700000000001,176578.36941999997,0.0,0.0
2021-09-06,6870,1533.6,5563.0,10063.9,180416.94202,0.0,0.0
2021-09-07,9020,2049.6000000000004,8333.5,13517.7,197429.75042000003,0.0,0.0
2021-09-08,9390,1925.3,6523.400000000001,13933.4,186083.66099,0.0,0.0
2021-09-09,8250,1765.0,7510.599999999999,13236.7,154924.26663,0.0,0.0
2021-09-10,8240,1838.4,6955.900000000001,10767.4,141535.64617,0.0,0.0
2021-09-11,6660,1074.6,6400.2,6582.7,126437.81432,0.0,0.0
2021-09-12,6040,1334.2,5255.400000000001,6425.700000000001,114221.55709999999,0.0,0.0
2021-09-13,8190,2116.5,9348.8,12056.6,172562.659,0.0,0.0
2021-09-14,9590,2128.1,8570.4,11233.0,209832.66204,0.0,0.0
2021-09-15,9960,1763.1,7813.6,9144.9,179940.53178,0.0,0.0
2021-09-16,9770,2299.2,9720.9,10434.8,149140.59654,0.0,0.0
2021-09-17,8710,2072.8999999999996,9893.6,8999.400000000001,125332.92701,0.0,0.0
2021-09-18,6990,1241.8000000000002,10337.6,6627.0,128489.25807,0.0,0.0
2021-09-19,6380,1297.1,8440.4,5757.9,140102.75355,0.0,0.0
2021-09-20,8550,1763.7,19821.899999999998,12650.5,172584.53635,0.0,0.0
2021-09-21,9440,2264.7,18598.899999999998,10598.2,250796.18331,0.0,0.0
2021-09-22,9600,1558.6,19944.699999999997,8630.2,219290.77649999998,0.0,0.0
2021-09-23,10480,1991.6,18168.6,12483.699999999999,232274.04359000002,0.0,0.0
2021-09-24,8840,1483.0,14657.6,9888.300000000001,196140.94234999997,0.0,0.0
2021-09-25,7400,1472.2,13160.1,7182.9,158204.87234,0.0,0.0
2021-09-26,7350,933.2,11290.800000000001,6037.4,149428.32699,0.0,0.0
2021-09-27,10170,1867.4,27733.1,10472.7,245778.92322,0.0,0.0
2021-09-28,9510,1941.0,50929.799999999996,11361.099999999999,227315.79793,0.0,0.0
2021-09-29,9610,2196.1000000000004,25021.800000000003,10158.099999999999,230229.5476,0.0,0.0
2021-09-30,10210,1838.6000000000001,11939.8,10852.6,221147.53532999998,0.0,0.0
2021-10-01,9450,1921.6999999999998,15394.899999999998,9949.9,190106.19724,0.0,0.0
2021-10-02,7870,1362.3000000000002,14629.8,7110.2,173371.91307,0.0,0.0
2021-10-03,6330,1476.1,14971.0,5828.8,151562.71897,0.0,0.0
2021-10-04,9040,2000.1,17678.899999999998,10669.6,244082.99200000003,0.0,0.0
2021-10-05,9080,2491.9,17269.6,11065.599999999999,235154.9484,0.0,0.0
2021-10-06,9310,1659.5,14425.5,8120.299999999999,223082.34226,0.0,0.0
2021-10-07,8650,1947.8,17337.5,9843.4,180899.1742,0.0,0.0
2021-10-08,7150,1899.4,17578.100000000002,8709.3,152005.26676000003,0.0,0.0
2021-10-09,6470,1178.4,13685.3,5020.6,145996.50259,0.0,0.0
2021-10-10,6120,1132.4,14718.4,5626.2,168695.02323,0.0,0.0
2021-10-11,7570,2089.7,19730.1,8871.5,164211.23116999998,0.0,0.0
2021-10-12,8650,1847.8999999999999,17184.7,11251.0,147711.24895,0.0,0.0
2021-10-13,8460,1529.1,17073.8,9400.9,132502.91402,0.0,0.0
2021-10-14,7610,1983.5,16489.300000000003,9289.1,97290.74825,0.0,0.0
2021-10-15,6020,1909.6000000000001,14833.5,7608.7,81447.92685999999,0.0,0.0
2021-10-16,5090,992.4000000000001,14666.800000000001,5324.599999999999,68892.74309999999,0.0,0.0
2021-10-17,4960,1092.6,11499.300000000001,5618.9,63724.1666,0.0,0.0
2021-10-18,7140,2010.6999999999998,16582.299999999996,9604.7,111447.33862,0.0,0.0
2021-10-19,8040,1974.8,16979.0,9312.6,126612.11640000001,0.0,0.0
2021-10-20,8050,2142.8,16618.899999999998,9483.8,128631.1335,0.0,0.0
2021-10-21,8260,1881.6,15954.9,10891.900000000001,126478.19995,0.0,0.0
2021-10-22,6890,1735.0,14352.3,8221.2,110385.4456,0.0,0.0
2021-10-23,5700,1261.5,13311.6,5785.2,84787.26783,0.0,0.0
2021-10-24,4790,1359.7,12948.7,5054.3,73843.37279,0.0,0.0
2021-10-25,7470,2098.7,17761.4,12198.0,149436.47773,0.0,0.0
2021-10-26,7690,1743.7,14894.099999999999,10631.6,157118.3944,0.0,0.0
2021-10-27,7890,1953.5,20354.4,12692.7,145865.23693,0.0,0.0
2021-10-28,10210,2112.1000000000004,16226.900000000001,12999.0,131993.62185999998,0.0,0.0
2021-10-29,8920,1737.7,14899.9,10477.8,125334.92799000001,0.0,0.0
2021-10-30,5670,1438.7,14935.4,7820.5,86478.53740999999,0.0,0.0
2021-10-31,5150,1229.1,11737.0,6968.8,84421.29622,0.0,0.0
2021-11-01,7950,2106.8,16278.0,13835.1,140133.17592,0.0,0.0
2021-11-02,9630,2316.5,16726.7,13474.300000000001,141965.58584999997,0.0,0.0
2021-11-03,8470,1926.1000000000001,16571.0,13994.0,128599.11377,0.0,0.0
2021-11-04,8550,2043.8,16897.8,13971.800000000001,123136.96076,0.0,0.0
2021-11-05,7180,1921.5,16568.9,10840.2,107684.69232,0.0,0.0
2021-11-06,5930,1185.8,16149.6,7407.0,84974.51678,0.0,0.0
2021-11-07,4720,1188.1,12917.6,6610.1,76180.76387000001,0.0,0.0
2021-11-08,6580,2078.1,14879.099999999999,12666.6,108430.03362999999,0.0,0.0
2021-11-09,6750,1678.8,12083.0,13881.800000000001,115587.98366999999,0.0,0.0
2021-11-10,6960,2192.2,12139.9,11967.8,101874.25475,0.0,0.0
2021-11-11,7080,1543.3,12920.599999999999,11607.4,79950.07336,0.0,0.0
2021-11-12,6240,1260.4,14134.8,10153.5,66571.47953,0.0,0.0
2021-11-13,4170,1295.0,11405.699999999999,6635.1,54076.43118,0.0,0.0
2021-11-14,4100,1107.3,10603.4,7929.2,49081.84993,0.0,0.0
2021-11-15,5490,1859.1999999999998,13323.599999999999,15443.4,64936.90003,0.0,0.0
2021-11-16,6310,2303.3,14818.199999999999,15466.300000000001,72690.12588,0.0,0.0
2021-11-17,6440,1898.4,16408.699999999997,11432.5,94471.94243,0.0,0.0
2021-11-18,6850,1701.3,13949.2,12488.199999999999,100312.56258000001,0.0,0.0
2021-11-19,6220,1783.4,13657.4,12021.6,100636.03728,0.0,0.0
2021-11-20,6140,1360.1999999999998,11516.7,6524.2,88268.08426999999,0.0,0.0
2021-11-21,4870,1147.6,10543.0,6730.599999999999,77606.07612,0.0,0.0
2021-11-22,6540,1856.3,16239.6,12452.4,117289.52481,0.0,0.0
2021-11-23,6560,1785.1,15745.800000000001,12126.800000000001,132958.56651000003,0.0,0.0
2021-11-24,6620,1532.2,16179.5,9532.5,105676.04334,0.0,0.0
2021-11-25,4150,1112.4,10022.7,4656.6,72024.93424,0.0,0.0
2021-11-26,5120,1828.1999999999998,14857.5,7299.6,98366.56739999999,0.0,0.0
2021-11-27,5490,1411.5,14133.900000000001,6284.700000000001,97005.19557,0.0,0.0
2021-11-28,5040,1608.0,19119.199999999997,6060.900000000001,93663.90776,0.0,0.0
2021-11-29,6830,2286.3,22897.5,12090.1,139881.34429,0.0,0.0
2021-11-30,7550,2300.1,23437.0,12479.9,155258.64323000002,0.0,0.0
2021-12-01,6970,1641.1,15276.6,13070.5,135628.23887,0.0,0.0
2021-12-02,6700,2015.9,17514.199999999997,12477.7,121595.30944,0.0,0.0
2021-12-03,6920,2315.8,17386.2,11434.8,118713.17220999999,0.0,0.0
2021-12-04,5160,1732.3,15340.699999999999,7073.6,89095.29502000002,0.0,0.0
2021-12-05,4830,1177.2,11463.7,6204.5,88456.49036000001,0.0,0.0
2021-12-06,6380,2283.7,16199.399999999998,11177.3,138529.10377,0.0,0.0
2021-12-07,7030,2532.2,14909.3,11781.300000000001,139862.86574,0.0,0.0
2021-12-08,6550,2337.8,15622.2,12410.9,127376.41566,0.0,0.0
2021-12-09,6250,1918.1999999999998,19641.300000000003,10781.199999999999,137216.49464,0.0,0.0
2021-12-10,6140,1710.1000000000001,15642.7,10762.5,116393.65955000001,0.0,0.0
2021-12-11,4850,1480.1,6981.3,6450.700000000001,98536.88626999999,0.0,0.0
2021-12-12,4440,1678.3,8012.3,6753.400000000001,90985.69245999999,0.0,0.0
2021-12-13,5870,2433.8999999999996,12360.0,10780.699999999999,139007.18067,0.0,0.0
2021-12-14,6700,1955.3,16463.300000000003,10998.0,145259.76131,0.0,0.0
2021-12-15,6350,1755.1000000000001,18285.5,10703.0,128842.33598999999,0.0,0.0
2021-12-16,6400,2038.0,17344.8,11324.400000000001,135051.35484,0.0,0.0
2021-12-17,5630,1244.0,14559.9,11180.1,103371.60533,0.0,0.0
2021-12-18,4790,0.0,10575.1,7293.099999999999,76946.26147999999,0.0,0.0
2021-12-19,4140,0.0,11135.2,6646.2,80265.91330000001,0.0,0.0
2021-12-20,5810,0.0,19498.4,10358.099999999999,120287.55876000001,0.0,0.0
2021-12-21,5950,0.0,20073.899999999998,12112.0,110448.14381000001,0.0,5485.7
2021-12-22,6140,0.0,18071.600000000002,11882.6,105846.39306,0.0,5057.099999999999
2021-12-23,5490,0.0,19080.0,9199.8,94987.11903,0.0,5411.2
2021-12-24,4740,0.0,19433.0,5618.9,69509.66307000001,0.0,5417.3
2021-12-25,3350,0.0,13354.8,4850.299999999999,56110.847949999996,0.0,5500.0
2021-12-26,3850,0.0,18427.4,6593.6,66637.01652,0.0,5174.599999999999
2021-12-27,5670,0.0,24346.5,10963.099999999999,131583.23687,0.0,5500.0
2021-12-28,7170,1183.7,28486.6,11554.7,132686.21302,0.0,5500.0
2021-12-29,6990,2051.3999999999996,26712.000000000004,11949.0,132722.28329,0.0,5256.7
2021-12-30,6670,1708.1,27915.9,11416.5,126475.2327,0.0,5500.0
2021-12-31,5580,1389.0,24562.5,9263.300000000001,103195.77762000001,0.0,1420.1999999999998
2022-01-01,4600,1426.6,18323.2,8047.7,95182.97349,0.0,570.9
2022-01-02,4730,1596.1,18543.1,6762.200000000001,90785.04514,0.0,524.4
2022-01-03,6880,2652.2,39557.0,13735.2,129451.27120000002,0.0,13338.900000000001
2022-01-04,7750,2580.8,42122.5,12757.5,129546.93075,0.0,16347.2
2022-01-05,7110,1910.6,32218.999999999996,12851.900000000001,150785.79405,0.0,16500.0
2022-01-06,7460,2598.3,13377.900000000001,12270.5,146273.50658,0.0,6017.9
2022-01-07,6590,1801.8000000000002,12242.900000000001,9554.5,115819.43759,0.0,16500.0
2022-01-08,5940,1293.6,11699.300000000001,7307.0,107575.43931,0.0,16500.0
2022-01-09,5470,1290.4,11878.899999999998,7696.5,93352.72538000002,0.0,16500.0
2022-01-10,7320,2038.5,11584.6,16364.2,176955.44395999998,0.0,16500.0
2022-01-11,8750,2693.8,13555.3,15623.3,284688.61675,0.0,19000.0
2022-01-12,8610,1908.8999999999999,14434.9,14887.5,290621.27969,0.0,19000.0
2022-01-13,8500,1741.2,14389.7,14805.1,282606.75877,0.0,19000.0
2022-01-14,7090,1509.1,9447.3,11056.099999999999,163689.26838000002,0.0,10893.599999999999
2022-01-15,6940,1535.1000000000001,9787.7,9255.2,180002.50028000004,0.0,17843.9
2022-01-16,6370,1669.0,8376.1,9078.6,153546.60522,0.0,18759.7
2022-01-17,7320,1835.5,12088.199999999999,12675.599999999999,176922.75601,0.0,19000.0
2022-01-18,8390,1810.6,16482.1,17599.6,222490.02662999998,0.0,19000.0
2022-01-19,8690,2403.5,26042.1,16799.5,249883.07189999998,0.0,19000.0
2022-01-20,9310,2980.7,44691.1,15206.400000000001,255563.52331,0.0,19000.0
2022-01-21,8620,2001.8000000000002,38828.6,15828.3,257714.65133999998,0.0,19000.0
2022-01-22,7210,1518.6,25498.700000000004,10712.7,231963.4769,0.0,19000.0
2022-01-23,6980,1463.3,20200.2,8498.9,232909.1632,0.0,19000.0
2022-01-24,9150,2105.7,27254.300000000003,18102.6,326021.92924,0.0,19000.0
2022-01-25,9740,2246.8,26067.399999999998,16697.1,314244.28403,0.0,16544.2
2022-01-26,8780,2145.5,28210.2,16516.199999999997,293632.60522,0.0,19000.0
2022-01-27,8730,2085.3999999999996,29857.9,15943.4,271052.21849,0.0,19000.0
2022-01-28,8410,2097.8,26575.600000000006,17011.70558,266622.60338,0.0,19000.0
2022-01-29,6800,1650.1000000000001,21982.999999999996,9479.02729,213881.26649999997,0.0,14710.1
2022-01-30,5880,1564.3000000000002,14795.2,8783.496720000001,177816.27856,0.0,636.3
2022-01-31,7280,2342.8999999999996,27682.1,15902.1,236876.15125,0.0,578.0
2022-02-01,8350,3023.2,25161.399999999998,15927.2,259657.88728,0.0,14924.1
2022-02-02,8990,2779.4,22502.1,16317.0,276303.11035000003,0.0,19000.0
2022-02-03,9000,2701.1000000000004,26977.099999999995,15643.099999999999,279440.59164,0.0,19000.0
2022-02-04,8390,2655.9,31330.699999999997,17060.8,254039.86726999996,0.0,18825.3
2022-02-05,7210,1716.9,31057.1,10275.0,212795.30147999997,0.0,18496.8
2022-02-06,6120,1664.2,23395.6,9903.9,190916.22258,0.0,19000.0
2022-02-07,8420,2268.0,31192.999999999996,21119.4,280562.41650999995,0.0,19000.0
2022-02-08,9010,2672.4,36167.9,20810.899999999998,277564.79054,0.0,19000.0
2022-02-09,9170,2601.0,38163.1,18231.4,269201.65434999997,0.0,19000.0
2022-02-10,7230,2022.6,28601.5,14391.300000000001,187594.21048,0.0,19000.0
2022-02-11,7890,2084.0,24534.4,18920.7,227883.90824000002,0.0,19000.0
2022-02-12,5100,1195.3,15028.600000000002,10343.5,165959.88859000002,0.0,0.0
2022-02-13,6020,1179.6,21642.800000000003,13719.7,187015.00027000002,0.0,0.0
2022-02-14,5690,2454.0,52163.0,33071.399999999994,155820.54142,0.0,0.0
2022-02-15,6470,2639.4,58968.0,32679.899999999998,169371.7914,0.0,0.0
2022-02-16,7330,2481.0,51234.6,31408.2,273785.94147,0.0,20500.0
2022-02-17,6570,2730.2000000000003,50882.200000000004,24507.0,217147.65596999996,0.0,20500.0
2022-02-18,6920,2873.0,50282.3,21943.2,205554.24483000004,0.0,20500.0
2022-02-19,5440,2133.4,48029.8,12909.1,144972.02593,0.0,20500.0
2022-02-20,4960,2349.8,49766.90000000001,12580.5,154887.9855,0.0,20500.0
2022-02-21,6710,3149.2000000000003,49806.8,27543.1,179673.92693000002,0.0,20500.0
2022-02-22,7130,3223.8999999999996,43402.600000000006,27802.199999999997,216464.05570000003,0.0,20500.0
2022-02-23,7340,2810.9,39654.9,27862.399999999998,244571.26190000004,0.0,32729.4
2022-02-24,7570,2622.4,24551.800000000003,26416.8,246159.96163,0.0,20500.0
2022-02-25,7890,2633.7,26265.5,24518.800000000003,231686.11017000003,0.0,20500.0
2022-02-26,6270,1679.6,16955.7,12319.0,173949.98291,0.0,20500.0
2022-02-27,5940,2213.6000000000004,20878.0,15200.3,161001.13449,0.0,19990.0
2022-02-28,7520,2772.5,36955.5,25774.899999999998,177822.50686999998,0.0,20500.0
2022-03-01,9330,2305.1,93065.7,25765.100000000002,200674.96746,0.0,20500.0
2022-03-02,9890,2307.7,100594.5,27150.5,210706.22638,0.0,35500.0
2022-03-03,9530,2029.4,96654.70000000001,28884.4,222951.05745000002,0.0,34818.4
2022-03-04,8690,2786.9,75676.8,25182.199999999997,220116.70679999999,0.0,35500.0
2022-03-05,7480,1780.9,67198.4,17691.300000000003,168251.40350000001,0.0,35500.0
2022-03-06,7220,1599.5,63511.6,16511.7,166477.95434,0.0,35500.0
2022-03-07,9140,2320.8,78981.2,30840.300000000003,224410.13888,0.0,25417.199999999997
2022-03-08,6930,4824.2,59439.299999999996,35199.6,350611.01084,0.0,23484.8
2022-03-09,10250,4975.2,55887.399999999994,39656.5,298183.09579,0.0,29982.9
2022-03-10,11710,4740.7,62899.1,54551.7,321929.90242,0.0,34289.6
2022-03-11,10110,3872.1,66066.3,39612.1,210790.01498,0.0,34471.6
2022-03-12,10080,4692.4,40111.0,30824.5,318424.92835999996,0.0,34562.8
2022-03-13,10040,4642.5,34202.799999999996,29044.8,318477.32561999996,0.0,30735.100000000002
2022-03-14,11600,4710.0,49771.1,58576.8,414996.44795,0.0,32903.8
2022-03-15,12360,4723.8,69173.8,49866.4,389932.50911,0.0,34688.4
2022-03-16,12820,4652.200000000001,72157.4,46474.6,379587.51763,0.0,35178.5
2022-03-17,12500,4697.5,64717.700000000004,39772.600000000006,368545.33473999996,0.0,35093.9
2022-03-18,12000,4870.6,54961.600000000006,41192.600000000006,351452.60639,0.0,33934.1
2022-03-19,10600,4270.6,65002.0,26854.3,361304.25409000006,0.0,29267.5
2022-03-20,9170,3587.1,63218.4,23914.6,354456.09499,0.0,0.0
2022-03-21,12370,4648.5,70736.09999999999,48260.299999999996,412637.44282,0.0,33953.9
2022-03-22,13400,3931.7000000000003,24885.5,28664.2,366223.52565,0.0,34051.2
2022-03-23,11720,4884.1,0.0,19711.5,355591.8513,0.0,14993.4
2022-03-24,9440,3300.4,0.0,17103.800000000003,251737.79522,0.0,14844.6
2022-03-25,7760,3526.6000000000004,0.0,14349.400000000001,190168.27610000002,0.0,14843.599999999999
2022-03-26,5710,2699.3,0.0,10162.8,230694.24743,0.0,14494.9
2022-03-27,6280,2451.5,0.0,12248.3,271146.88138000004,0.0,14765.9
2022-03-28,9280,3596.9,0.0,19697.0,374255.3626,0.0,14728.3
2022-03-29,9220,4294.0,0.0,19181.5,277294.23003,0.0,14418.3
2022-03-30,8880,3862.2000000000003,0.0,19829.7,290976.44066,0.0,14264.5
2022-03-31,9270,5939.299999999999,0.0,22566.199999999997,263615.15716,0.0,14418.900000000001
2022-04-01,8030,4418.7,0.0,17422.8,285175.44795999996,0.0,6222.5
2022-04-02,6180,2676.3,0.0,11723.199999999999,269359.091,0.0,0.0
2022-04-03,5830,3730.7,0.0,14906.0,262011.45233,0.0,0.0
2022-04-04,9000,2565.6,31529.5,34746.799999999996,333482.54587000003,0.0,26991.100000000002
2022-04-05,9830,2891.3,79900.40000000001,41613.6,306399.69926,0.0,27012.800000000003
2022-04-06,9540,4163.6,25898.699999999997,40497.1,299696.53345,0.0,37641.9
2022-04-07,10040,2264.8,25935.299999999996,37872.0,292494.7953,0.0,37592.7
2022-04-08,9480,1813.3000000000002,25154.6,40739.299999999996,257194.23150999998,0.0,37066.799999999996
2022-04-09,9210,1650.1000000000001,13155.8,41181.0,228876.9706,0.0,35513.0
2022-04-10,7830,2075.2,13115.8,47310.100000000006,253869.25404000003,0.0,1681.7
2022-04-11,10430,2555.0,16702.4,51328.0,318387.47150000004,0.0,35038.9
2022-04-12,10680,2112.5,22893.800000000003,44797.700000000004,268634.69909,0.0,35460.0
2022-04-13,10080,3020.6,25454.4,46843.2,243055.90931999998,0.0,31001.100000000002
2022-04-14,10450,5813.9,24715.2,75930.8,225592.18,0.0,0.0
2022-04-15,9540,4574.1,26051.7,61454.5,202750.61146,0.0,0.0
2022-04-16,7720,3964.4,27323.5,47961.5,156459.8639,0.0,0.0
2022-04-17,6620,4054.4,27175.2,52382.799999999996,153281.24628,0.0,0.0
2022-04-18,10390,8123.200000000001,28436.000000000004,61294.899999999994,355175.11626,0.0,10311.1
2022-04-19,13050,8431.5,28124.5,60882.1,336750.66813,0.0,15500.0
2022-04-20,12480,9313.099999999999,27848.899999999998,57266.2,291980.11529,0.0,15722.1
2022-04-21,11090,11254.7,21424.4,53807.600000000006,270234.80214,0.0,18312.0
2022-04-22,11100,9317.3,19979.3,47465.100000000006,243343.07291999998,0.0,18141.300000000003
2022-04-23,8780,4198.9,17748.2,35213.6,208730.5023,0.0,17512.5
2022-04-24,8660,5967.5,11869.9,32474.4,233064.96194,0.0,17741.4
2022-04-25,11640,10281.699999999999,16988.0,49393.8,268556.40871,0.0,17842.5
2022-04-26,10950,11014.2,16264.7,41814.2,243742.42611,0.0,18508.0
2022-04-27,11220,22372.800000000003,13413.000000000002,74878.2,228001.48652,0.0,13188.5
2022-04-28,11330,27365.8,8297.0,137050.0,236749.24747,0.0,15351.199999999999
2022-04-29,10680,12934.8,8243.0,220378.1,218063.85894,0.0,15127.9
2022-04-30,9920,13221.5,4420.6,142332.4,199166.95865000002,0.0,15500.0
2022-05-01,8470,17226.4,8353.099999999999,130352.5,207170.68876999998,0.0,15500.0
2022-05-02,10900,22385.4,8264.2,141290.9,261805.84939,0.0,5701.5
2022-05-03,13000,18642.5,11604.9,139158.7,270231.73107000004,0.0,29891.9
2022-05-04,13450,27320.9,15063.199999999999,136125.7,233719.61834000002,0.0,22811.6
2022-05-05,11000,27388.5,14240.2,136308.6,200174.51950000002,0.0,20500.0
2022-05-06,12740,27518.1,14197.7,124444.40000000001,238919.52308,0.0,20500.0
2022-05-07,13140,27190.6,11850.699999999999,108448.09999999999,184166.24432,25622.3,20492.0
2022-05-08,8720,27982.0,20918.5,26543.2,50483.834879999995,25803.1,21114.4
2022-05-09,10630,27689.699999999997,21901.7,47154.0,112787.84486999999,25793.2,20479.5
2022-05-28,10930,0.0,0.0,38461.0,64788.29081,21939.2,0.0
2022-05-29,10510,0.0,0.0,45635.0,89638.52679,21673.600000000002,0.0
2022-05-30,13160,7424.299999999999,0.0,91366.7,133683.23351,20171.600000000002,0.0
2022-05-31,13270,31764.5,0.0,112900.9,100072.20142,20679.2,0.0
